product_id_str,sale_date,quantity_sold
PRD-2001,2026-04-01,15
PRD-2001,2026-04-02,18
PRD-2001,2026-04-03,12
PRD-2001,2026-04-04,22
PRD-2001,2026-04-05,25
PRD-2001,2026-04-06,19
PRD-2001,2026-04-07,30
PRD-2001,2026-04-08,14
PRD-2001,2026-04-09,16
PRD-2001,2026-04-10,21
PRD-2001,2026-04-11,28
PRD-2001,2026-04-12,32
PRD-2001,2026-04-13,20
PRD-2001,2026-04-14,24
PRD-2001,2026-04-15,27
PRD-2001,2026-04-16,18
PRD-2001,2026-04-17,23
PRD-2001,2026-04-18,31
PRD-2001,2026-04-19,35
PRD-2001,2026-04-20,29
PRD-2003,2026-04-01,5
PRD-2003,2026-04-02,8
PRD-2003,2026-04-03,6
PRD-2003,2026-04-04,10
PRD-2003,2026-04-05,12
PRD-2003,2026-04-06,7
PRD-2003,2026-04-07,15
PRD-2003,2026-04-08,9
PRD-2003,2026-04-09,11
PRD-2003,2026-04-10,8
PRD-2006,2026-04-01,40
PRD-2006,2026-04-02,45
PRD-2006,2026-04-03,38
PRD-2006,2026-04-04,50
PRD-2006,2026-04-05,52
PRD-2006,2026-04-06,42
PRD-2006,2026-04-07,60
PRD-2009,2026-04-01,10
PRD-2009,2026-04-02,12
PRD-2009,2026-04-03,9
PRD-2009,2026-04-04,14
PRD-2009,2026-04-05,16
PRD-2014,2026-04-01,3
PRD-2014,2026-04-02,4
PRD-2014,2026-04-03,2
PRD-2014,2026-04-04,5
PRD-2014,2026-04-15,10
