product_id_str,product_type,name,category,brand,price,cost_price,mrp,currency,current_stock,reorder_level,safety_stock,maximum_stock,unit,sku,supplier_name,description,avg_daily_demand_real
PRD-2001,Battery,AAA Batteries (4-pack),Battery,Generic,209.3,156.98,226.04,INR,1695,594,255,3814,Nos,SKU-PRD-2001,N/A (real dataset - no supplier field in source),"Real product from Kaggle/GitHub ""Sales Analysis 2019"" electronics sales dataset (Order data, Jan-Dec 2019).",84.75
PRD-2002,Battery,AA Batteries (4-pack),Battery,Generic,268.8,201.6,290.3,INR,1511,529,227,3398,Nos,SKU-PRD-2002,N/A (real dataset - no supplier field in source),"Real product from Kaggle/GitHub ""Sales Analysis 2019"" electronics sales dataset (Order data, Jan-Dec 2019).",75.51
PRD-2003,Cable,USB-C Charging Cable,Cable,Generic,836.5,627.38,903.42,INR,1311,459,197,2948,Nos,SKU-PRD-2003,N/A (real dataset - no supplier field in source),"Real product from Kaggle/GitHub ""Sales Analysis 2019"" electronics sales dataset (Order data, Jan-Dec 2019).",65.51
PRD-2004,Cable,Lightning Charging Cable,Cable,Apple,1046.5,784.88,1130.22,INR,1269,445,191,2855,Nos,SKU-PRD-2004,N/A (real dataset - no supplier field in source),"Real product from Kaggle/GitHub ""Sales Analysis 2019"" electronics sales dataset (Order data, Jan-Dec 2019).",63.43
PRD-2005,Audio,Wired Headphones,Audio,Generic,839.3,629.47,906.44,INR,1124,394,169,2528,Nos,SKU-PRD-2005,N/A (real dataset - no supplier field in source),"Real product from Kaggle/GitHub ""Sales Analysis 2019"" electronics sales dataset (Order data, Jan-Dec 2019).",56.17
PRD-2006,Audio,Apple Airpods Headphones,Audio,Apple,10500.0,7875.0,11340.0,INR,856,300,129,1926,Nos,SKU-PRD-2006,N/A (real dataset - no supplier field in source),"Real product from Kaggle/GitHub ""Sales Analysis 2019"" electronics sales dataset (Order data, Jan-Dec 2019).",42.79
PRD-2007,Audio,Bose SoundSport Headphones,Audio,Bose,6999.3,5249.48,7559.24,INR,736,258,111,1655,Nos,SKU-PRD-2007,N/A (real dataset - no supplier field in source),"Real product from Kaggle/GitHub ""Sales Analysis 2019"" electronics sales dataset (Order data, Jan-Dec 2019).",36.77
PRD-2008,Monitor,27in FHD Monitor,Monitor,Generic,10499.3,7874.47,11339.24,INR,413,145,62,929,Nos,SKU-PRD-2008,N/A (real dataset - no supplier field in source),"Real product from Kaggle/GitHub ""Sales Analysis 2019"" electronics sales dataset (Order data, Jan-Dec 2019).",20.63
PRD-2009,Phone,iPhone,Phone,Apple,49000.0,36750.0,52920.0,INR,375,131,57,842,Nos,SKU-PRD-2009,N/A (real dataset - no supplier field in source),"Real product from Kaggle/GitHub ""Sales Analysis 2019"" electronics sales dataset (Order data, Jan-Dec 2019).",18.71
PRD-2010,Monitor,27in 4K Gaming Monitor,Monitor,Generic,27299.3,20474.47,29483.24,INR,342,120,52,768,Nos,SKU-PRD-2010,N/A (real dataset - no supplier field in source),"Real product from Kaggle/GitHub ""Sales Analysis 2019"" electronics sales dataset (Order data, Jan-Dec 2019).",17.06
PRD-2011,Monitor,34in Ultrawide Monitor,Monitor,Generic,26599.3,19949.47,28727.24,INR,339,119,51,763,Nos,SKU-PRD-2011,N/A (real dataset - no supplier field in source),"Real product from Kaggle/GitHub ""Sales Analysis 2019"" electronics sales dataset (Order data, Jan-Dec 2019).",16.94
PRD-2012,Phone,Google Phone,Phone,Google,42000.0,31500.0,45360.0,INR,303,106,46,680,Nos,SKU-PRD-2012,N/A (real dataset - no supplier field in source),"Real product from Kaggle/GitHub ""Sales Analysis 2019"" electronics sales dataset (Order data, Jan-Dec 2019).",15.11
PRD-2013,TV,Flatscreen TV,TV,Generic,21000.0,15750.0,22680.0,INR,264,93,40,593,Nos,SKU-PRD-2013,N/A (real dataset - no supplier field in source),"Real product from Kaggle/GitHub ""Sales Analysis 2019"" electronics sales dataset (Order data, Jan-Dec 2019).",13.17
PRD-2014,Laptop,Macbook Pro Laptop,Laptop,Apple,119000.0,89250.0,128520.0,INR,259,91,39,582,Nos,SKU-PRD-2014,N/A (real dataset - no supplier field in source),"Real product from Kaggle/GitHub ""Sales Analysis 2019"" electronics sales dataset (Order data, Jan-Dec 2019).",12.92
PRD-2015,Laptop,ThinkPad Laptop,Laptop,Lenovo,69999.3,52499.48,75599.24,INR,226,79,34,508,Nos,SKU-PRD-2015,N/A (real dataset - no supplier field in source),"Real product from Kaggle/GitHub ""Sales Analysis 2019"" electronics sales dataset (Order data, Jan-Dec 2019).",11.28
PRD-2016,Monitor,20in Monitor,Monitor,Generic,7699.3,5774.48,8315.24,INR,226,79,34,508,Nos,SKU-PRD-2016,N/A (real dataset - no supplier field in source),"Real product from Kaggle/GitHub ""Sales Analysis 2019"" electronics sales dataset (Order data, Jan-Dec 2019).",11.28
PRD-2017,Phone,Vareebadd Phone,Phone,Vareebadd,28000.0,21000.0,30240.0,INR,113,40,17,255,Nos,SKU-PRD-2017,N/A (real dataset - no supplier field in source),"Real product from Kaggle/GitHub ""Sales Analysis 2019"" electronics sales dataset (Order data, Jan-Dec 2019).",5.65
PRD-2018,Appliance,LG Washing Machine,Appliance,LG,42000.0,31500.0,45360.0,INR,37,13,6,82,Nos,SKU-PRD-2018,N/A (real dataset - no supplier field in source),"Real product from Kaggle/GitHub ""Sales Analysis 2019"" electronics sales dataset (Order data, Jan-Dec 2019).",1.82
PRD-2019,Appliance,LG Dryer,Appliance,LG,42000.0,31500.0,45360.0,INR,36,13,6,80,Nos,SKU-PRD-2019,N/A (real dataset - no supplier field in source),"Real product from Kaggle/GitHub ""Sales Analysis 2019"" electronics sales dataset (Order data, Jan-Dec 2019).",1.77
